accuracy,precision,recall,f1,roc_auc,pr_auc
0.7017223910840933,0.3012987012987013,0.09004267425320056,0.13734671125975473,0.5207211810686517,0.3001177123382493
