accuracy,precision,recall,f1,roc_auc,pr_auc
0.9772948328267479,0.9549883023567235,0.9631578947368421,0.9581834193204056,0.9989780275932549,0.9972483877212083
