accuracy,precision,recall,f1,roc_auc,pr_auc
0.5172998246639392,0.4992289728151797,0.4886699507389163,0.49080723031638057,0.5357374596112082,0.537454944118401
