accuracy,precision,recall,f1,roc_auc,pr_auc
0.9523085914669783,0.9385936443542935,0.9716748768472907,0.9531277176660936,0.996045076540071,0.9960681605386039
