accuracy,precision,recall,f1,roc_auc,pr_auc
0.6932016210739615,0.10555555555555556,0.021337126600284494,0.03537932516655921,0.4730316673341711,0.260718546399325
