accuracy,precision,recall,f1,roc_auc,pr_auc
0.9531104356636272,0.9520823756307628,0.872688477951636,0.90902674569286,0.9934738775566574,0.9834716524309662
