accuracy,precision,recall,f1,roc_auc,pr_auc
0.5240794856808884,0.5078094541910331,0.4682266009852216,0.48274513503126865,0.5396820541342233,0.5481066640126929
