accuracy,precision,recall,f1,roc_auc,pr_auc
0.9281706604324956,0.9417354497354496,0.9078817733990148,0.9239892183288412,0.9824345833995445,0.9828598711535758
