accuracy,precision,recall,f1,roc_auc,pr_auc
0.7173150962512664,0.2833333333333333,0.02631578947368421,0.04788301129764544,0.5192476073416288,0.2980393887919415
