accuracy,precision,recall,f1,roc_auc,pr_auc
0.4898305084745763,0.4722755505364201,0.4684729064039409,0.46859026401578124,0.4525632978441655,0.46012380254211205
