accuracy,precision,recall,f1,roc_auc,pr_auc
0.9863822326125072,0.9737486095661847,1.0,0.9863217365447519,0.9993087557603687,0.9993087557603687
