accuracy,precision,recall,f1,roc_auc,pr_auc
0.9943262411347519,0.9848717948717949,0.9947368421052631,0.9896077256077256,0.9999489013796626,0.9998650472334681
