accuracy,precision,recall,f1,roc_auc,pr_auc
0.7187436676798379,0.19047619047619047,0.031863442389758176,0.05454545454545454,0.5252275269648801,0.30630016787970926
