accuracy,precision,recall,f1,roc_auc,pr_auc
0.4999415546464056,0.4785414585414586,0.48866995073891617,0.48095106619503464,0.50071468298109,0.5050549870183338
