accuracy,precision,recall,f1,roc_auc,pr_auc
0.647791286727457,0.22557996351474613,0.127027027027027,0.1614309687098919,0.513003908353934,0.28070652289772935
