accuracy,precision,recall,f1,roc_auc,pr_auc
0.9545592705167174,0.9088459797473583,0.9311522048364154,0.9177697077790714,0.9937342043116187,0.9846509858990423
