accuracy,precision,recall,f1,roc_auc,pr_auc
0.5479836353009936,0.5286414212248715,0.524384236453202,0.5249410735479529,0.5591126383812701,0.5585876638957238
