accuracy,precision,recall,f1,roc_auc,pr_auc
0.9315020455873759,0.9131654218973463,0.9504926108374384,0.9307633490505927,0.985955559086816,0.9864583008848065
