accuracy,precision,recall,f1,roc_auc,pr_auc
0.5539412360688957,0.2862432192532659,0.44409672830725466,0.34798971466463635,0.5181814415335111,0.2988554346111697
