accuracy,precision,recall,f1,roc_auc,pr_auc
0.9971631205673759,0.99,1.0,0.9948717948717949,1.0,0.9999999999999998
