accuracy,precision,recall,f1,roc_auc,pr_auc
0.49327878433664524,0.47576308696513303,0.4967980295566502,0.4836567738573936,0.45254740717199005,0.45953745463317386
