accuracy,precision,recall,f1,roc_auc,pr_auc
0.9516717325227964,0.9340603744213197,0.8890469416785207,0.9073133072740299,0.9937590630998908,0.9842272763747968
