accuracy,precision,recall,f1,roc_auc,pr_auc
0.6435157041540019,0.2461659663865546,0.16984352773826458,0.19876056147242588,0.5164551367923876,0.29341974038294694
