accuracy,precision,recall,f1,roc_auc,pr_auc
0.5274693161893629,0.5090866123124187,0.48990147783251237,0.4983317561283663,0.5221546427247206,0.5413121836533676
