accuracy,precision,recall,f1,roc_auc,pr_auc
0.9554646405610754,0.9714285714285715,0.9364532019704435,0.9531120731120731,0.990674559033847,0.9918836798375434
